City,Latitudes,Longitudes,Temperature,Humidity,Cloudiness,Wind_Speed,Country,Date
Ushuaia,-54.8,-68.3,9.0,76,75,5.66,AR,1612669624
Rabo de Peixe,37.8,-25.5833,15.0,94,75,7.72,PT,1612669816
Bulgan,48.8125,103.5347,-10.89,87,0,1.06,MN,1612669817
Busselton,-33.65,115.3333,16.11,94,100,0.89,AU,1612669623
Sittwe,20.15,92.9,23.64,38,0,2.99,MM,1612669818
Souillac,-20.5167,57.5167,25.0,94,40,1.54,MU,1612669819
Kavaratti,10.5669,72.642,27.6,60,36,3.61,IN,1612669790
Jamestown,42.097,-79.2353,-9.0,53,1,3.09,US,1612669243
Nemuro,43.3236,145.575,-6.0,86,75,5.66,JP,1612669820
Provideniya,64.3833,-173.3,-19.13,86,1,3.97,RU,1612669632
Port Lincoln,-34.7333,135.8667,18.05,63,85,5.92,AU,1612669556
Mahabalipuram,12.6264,80.1722,25.0,73,20,1.54,IN,1612669822
Ancud,-41.8697,-73.8203,16.67,67,0,1.54,CL,1612669530
Caravelas,-17.7125,-39.2481,25.25,89,100,3.46,BR,1612669594
Padang,-0.9492,100.3543,32.0,55,20,0.51,ID,1612669726
Filingué,14.3521,3.3168,21.15,21,48,3.52,NE,1612669824
Tuktoyaktuk,69.4541,-133.0374,-26.0,76,90,9.77,CA,1612669650
Yulara,-25.2406,130.9889,33.0,19,0,5.66,AU,1612669827
Clyde River,70.4692,-68.5914,-24.0,84,20,1.03,CA,1612669473
Hithadhoo,-0.6,73.0833,27.63,74,71,5.1,MV,1612669624
Kutum,14.2,24.6667,7.28,56,6,3.58,SD,1612669635
Thompson,55.7435,-97.8558,-34.0,62,40,5.14,CA,1612669830
Port Alfred,-33.5906,26.891,20.0,83,37,1.79,ZA,1612669624
Rikitea,-23.1203,-134.9692,25.79,71,87,4.73,PF,1612669832
Sabang,5.8933,95.3214,28.05,78,7,8.1,ID,1612669832
Pevek,69.7008,170.3133,-22.08,87,0,2.01,RU,1612669774
Kaitangata,-46.2817,169.8464,18.89,74,3,4.02,NZ,1612669833
Vuktyl,63.8567,57.3094,-31.03,86,100,5.02,RU,1612669735
Tibati,6.4667,12.6333,16.85,29,68,1.72,CM,1612669835
Albany,42.6001,-73.9662,-5.0,51,7,0.79,US,1612669580
Siilinjärvi,63.0833,27.6667,-9.0,86,90,5.14,FI,1612669836
Hermanus,-34.4187,19.2345,18.89,94,97,4.86,ZA,1612669634
Hirara,24.8,125.2833,24.0,69,20,4.12,JP,1612669703
Avarua,-21.2078,-159.775,29.0,70,20,5.14,CK,1612669837
Bengkulu,-3.8004,102.2655,30.25,55,94,3.6,ID,1612669838
Saint Paul Harbor,57.79,-152.4072,1.0,60,1,2.57,US,1612669438
Arrondissement de Vierzon,47.2101,2.0625,6.0,87,98,2.57,FR,1612669839
Puerto Ayora,-0.7393,-90.3518,25.0,95,69,3.23,EC,1612669840
Yellowknife,62.456,-114.3525,-40.56,66,1,1.03,CA,1612669580
Punta Arenas,-53.15,-70.9167,9.0,76,0,5.14,CL,1612669842
Mut,36.6439,33.4389,9.01,53,0,0.86,TR,1612669843
Sechura,-5.5569,-80.8222,24.36,67,93,5.54,PE,1612669843
Izazi,-7.2,35.7333,18.0,88,75,1.23,TZ,1612669844
Fuling,29.7022,107.3919,13.74,72,99,0.72,CN,1612669845
Shimoda,34.6667,138.95,15.0,58,20,3.6,JP,1612669845
Butaritari,3.0707,172.7902,27.18,80,60,9.48,KI,1612669778
Hobart,-42.8794,147.3294,21.67,48,20,10.29,AU,1612669846
Vao,-22.6667,167.4833,25.86,80,0,5.09,NC,1612669545
Nikolskoye,59.7035,30.7861,-12.0,79,90,6.0,RU,1612669848
Ketchikan,55.3422,-131.6461,3.0,93,40,3.09,US,1612669849
Saskylakh,71.9167,114.0833,-41.23,78,22,3.46,RU,1612669850
Mabaruma,8.2,-59.7833,22.26,97,100,1.49,GY,1612669623
Isil'kul',54.9109,71.2728,-9.06,94,100,11.43,RU,1612669851
Vallenar,-28.5708,-70.7581,15.99,71,0,0.65,CL,1612669852
Batagay-Alyta,67.8006,130.4114,-30.67,84,100,0.98,RU,1612669852
Bluff,-46.6,168.3333,16.16,77,0,5.0,NZ,1612669777
Sæby,57.3319,10.5225,-5.56,79,6,3.6,DK,1612669853
Bethel,41.3712,-73.414,0.0,68,1,1.69,US,1612669628
Sisophon,13.5859,102.9737,32.01,37,0,3.15,KH,1612669855
Barrow,71.2906,-156.7887,-20.0,77,90,6.69,US,1612669771
North Branch,45.5113,-92.9802,-24.0,64,90,3.09,US,1612669856
Ndola,-12.9587,28.6366,16.97,99,100,1.41,ZM,1612669857
Eyl,7.9803,49.8164,24.02,80,16,5.98,SO,1612669858
High Level,58.5169,-117.136,-34.0,68,1,0.79,CA,1612669781
Saldanha,-33.0117,17.9442,19.0,88,2,2.57,ZA,1612669859
Carnarvon,-24.8667,113.6333,30.0,100,40,5.66,AU,1612669786
Acajutiba,-11.6622,-38.0172,23.6,91,100,4.0,BR,1612669860
Mount Gambier,-37.8333,140.7667,18.0,59,90,8.23,AU,1612669861
Khatanga,71.9667,102.5,-37.0,78,0,4.03,RU,1612669631
Murray Bridge,-35.1167,139.2667,17.78,78,74,1.79,AU,1612669862
Whittlesea,-32.1759,26.8244,17.15,88,21,1.42,ZA,1612669863
Bambanglipuro,-7.95,110.2833,31.87,58,8,0.55,ID,1612669820
Kapaa,22.0752,-159.319,22.0,56,75,1.54,US,1612669772
Aginskoye,51.1,114.53,-16.55,87,18,3.29,RU,1612669865
Cazzago San Martino,45.5938,10.0419,10.0,77,100,2.47,IT,1612669866
Lompoc,34.6391,-120.4579,10.56,93,40,2.0,US,1612669868
Yumen,40.2833,97.2,3.31,51,100,1.86,CN,1612669707
Vaini,-21.2,-175.2,28.0,83,75,4.12,TO,1612669641
Churhat,24.428,81.6703,17.47,40,0,2.55,IN,1612669870
Eilat,29.5581,34.9482,13.0,94,0,2.23,IL,1612669668
Pangody,65.85,74.4859,-24.97,89,100,7.85,RU,1612669871
São Filipe,14.8961,-24.4956,20.31,75,19,6.74,CV,1612669871
Klaksvík,62.2266,-6.589,2.0,64,75,7.72,FO,1612669874
Bereda,43.2686,-7.5406,2.22,100,78,0.89,ES,1612669875
Faya,18.3851,42.4509,9.0,87,0,1.65,SA,1612669875
Qaanaaq,77.484,-69.3632,-11.0,89,100,1.92,GL,1612669876
San Cristobal,7.7669,-72.225,18.75,88,100,0.75,VE,1612669877
Pisco,-13.7,-76.2167,21.0,83,75,1.54,PE,1612669768
New Norfolk,-42.7826,147.0587,21.67,43,19,2.24,AU,1612669878
Castro,-24.7911,-50.0119,15.97,90,67,4.3,BR,1612669878
Alyangula,-13.8483,136.4192,30.0,70,90,8.75,AU,1612669880
Władysławowo,54.7909,18.4009,-9.44,92,0,2.06,PL,1612669735
Saint-Philippe,-21.3585,55.7679,28.0,69,0,2.06,RE,1612669667
Lagunas,-5.2269,-75.6753,22.82,85,80,0.63,PE,1612669881
Isangel,-19.55,169.2667,31.0,70,40,2.57,VU,1612669495
Egvekinot,66.3167,-179.1667,-21.13,74,0,3.05,RU,1612669766
Dikson,73.5069,80.5464,-33.11,87,91,4.49,RU,1612669883
Lüderitz,-26.6481,15.1594,19.46,73,0,11.06,NA,1612669884
Wenling,28.3669,121.36,20.0,75,60,2.15,CN,1612669884
Mana,5.6592,-53.7767,24.65,89,100,4.79,GF,1612669885
Chui,-33.6971,-53.4616,18.89,90,0,3.21,UY,1612669885
Salinópolis,-0.6136,-47.3561,25.84,88,52,3.99,BR,1612669648
Cape Town,-33.9258,18.4232,21.11,83,40,6.69,ZA,1612669368
Mataura,-46.1927,168.8643,26.03,46,15,1.86,NZ,1612669887
Sørland,67.667,12.6934,1.94,80,100,8.63,NO,1612669551
Kavieng,-2.5744,150.7967,29.52,63,35,1.76,PG,1612669888
Nanortalik,60.1432,-45.2371,-2.78,93,100,1.45,GL,1612669632
Coyhaique,-45.5752,-72.0662,16.0,55,0,6.69,CL,1612669495
Wad Medani,14.4012,33.5199,13.81,40,0,5.08,SD,1612669890
Ordu,40.9086,37.6845,8.0,76,0,2.62,TR,1612669891
Atuona,-9.8,-139.0333,26.57,80,86,9.79,PF,1612669892
Marsh Harbour,26.5412,-77.0636,23.81,89,0,7.91,BS,1612669893
Lima,-12.0432,-77.0282,23.89,73,75,3.09,PE,1612669750
Tocopilla,-22.092,-70.1979,19.84,68,12,1.94,CL,1612669894
Mar del Plata,-38.0023,-57.5575,17.78,77,20,5.14,AR,1612669895
Sinnamary,5.3833,-52.95,25.09,87,97,5.19,GF,1612669895
Conil,44.9673,3.7177,2.63,100,100,3.63,FR,1612669896
Ajdabiya,30.7554,20.2263,14.89,44,42,5.83,LY,1612669896
Lyuban',52.7985,28.0048,-19.01,92,0,2.16,BY,1612669897
East London,-33.0153,27.9116,19.0,94,20,5.14,ZA,1612669898
Alofi,-19.0595,-169.9187,29.0,79,100,4.63,NU,1612669898
Nantucket,41.2835,-70.0995,3.33,75,1,4.12,US,1612669626
Manokwari,-0.8667,134.0833,25.24,88,100,0.14,ID,1612669899
Bundaberg,-24.85,152.35,32.0,48,48,6.69,AU,1612669900
Dingle,10.9995,122.6711,28.25,79,73,6.23,PH,1612669901
Vostok,46.4856,135.8833,-19.23,89,100,2.44,RU,1612669901
George Town,5.4112,100.3354,31.0,66,20,1.54,MY,1612669709
Yatou,37.15,122.3833,2.92,72,0,8.32,CN,1612669902
Tongchuanshi,35.0806,109.0897,9.44,42,100,1.89,CN,1612669903
Cidreira,-30.1811,-50.2056,19.3,78,64,3.38,BR,1612669904
Velyka Mykhaylivka,47.0794,29.8514,-5.21,94,96,3.26,UA,1612669904
Kuching,1.55,110.3333,25.0,94,40,2.06,MY,1612669905
Aykhal,66.0,111.5,-33.71,83,60,3.92,RU,1612669731
St. George's,12.0564,-61.7485,25.0,73,20,5.14,GD,1612669662
Glendive,47.1053,-104.7125,-18.89,65,90,5.66,US,1612669907
Barretos,-20.5572,-48.5678,18.83,72,0,1.91,BR,1612669908
Kidal,18.4411,1.4078,21.43,19,100,4.66,ML,1612669909
Lavrentiya,65.5833,-171.0,-25.05,78,0,0.64,RU,1612669553
Poronaysk,49.2167,143.1167,-15.21,89,10,1.08,RU,1612669683
Okhotsk,59.3833,143.3,-13.79,86,100,10.93,RU,1612669911
Herat Province,34.5,62.0,1.0,44,0,2.06,AF,1612669911
Atar,20.5169,-13.0499,12.73,44,23,4.97,MR,1612669628
Acapulco de Juárez,16.8634,-99.8901,26.0,78,1,2.57,MX,1612669692
Tevaitoa,-16.7833,-151.5,28.1,66,0,4.32,PF,1612669913
Lyubytino,58.8122,33.3922,-14.66,94,100,3.92,RU,1612669914
Sola,-13.8833,167.55,31.0,71,75,1.47,VU,1612669794
Hasaki,35.7333,140.8333,17.78,29,20,2.57,JP,1612669703
Magistral'nyy,56.1725,107.4458,-11.66,94,100,3.78,RU,1612669916
Pimentel,-6.8367,-79.9342,20.56,87,100,2.68,PE,1612669917
Sipoo,60.3775,25.2691,-12.78,92,75,3.6,FI,1612669917
Klaipėda,55.7172,21.1175,-17.0,78,40,1.03,LT,1612669918
Mrągowo,53.8644,21.3051,-23.0,77,0,1.88,PL,1612669918
Huaraz,-9.5333,-77.5333,11.29,66,100,3.01,PE,1612669919
Micheweni,-4.9667,39.8333,27.29,74,74,4.28,TZ,1612669628
Warmbad,-28.45,18.7333,18.61,54,0,2.43,NA,1612669920
Zabid,14.1951,43.3152,21.48,74,9,1.86,YE,1612669921
Borgarnes,64.5383,-21.9206,2.0,44,0,7.2,IS,1612669921
Aracruz,-19.8203,-40.2733,23.0,88,90,3.09,BR,1612669635
Camacha,33.0833,-16.3333,14.0,72,20,4.63,PT,1612669923
São João da Barra,-21.6403,-41.0511,20.5,95,100,6.19,BR,1612669923
Kemisē,10.7167,39.8667,15.24,83,89,1.65,ET,1612669924
Cabo San Lucas,22.8909,-109.9124,19.0,68,20,1.54,MX,1612669925
Udachny,66.4167,112.4,-34.26,81,6,3.4,RU,1612669926
Chernyshevskiy,63.0128,112.4714,-27.35,90,100,1.53,RU,1612669927
Saint Anthony,45.0205,-93.218,-22.0,59,1,5.14,US,1612669928
Abu Kamal,34.4506,40.9171,10.42,69,0,4.32,SY,1612669929
Borovichi,58.3878,33.9155,-15.3,94,99,3.73,RU,1612669930
Puri,19.8,85.85,22.0,49,0,3.09,IN,1612669930
Buraidah,26.326,43.975,9.0,100,75,2.06,SA,1612669734
Lorengau,-2.0226,147.2712,28.74,80,95,3.44,PG,1612669932
Asău,46.4333,26.4,-2.78,73,100,1.5,RO,1612669932
El Tigre,8.8875,-64.2454,23.47,77,98,6.66,VE,1612669933
Bredasdorp,-34.5322,20.0403,18.0,94,99,1.03,ZA,1612669933
Codrington,-38.2667,141.9667,17.04,59,86,6.84,AU,1612669645
Ouésso,1.6136,16.0517,22.91,81,29,1.37,CG,1612669935
Alta,69.9689,23.2717,-2.78,74,75,6.69,NO,1612669935
Laas,46.6166,10.7002,3.89,100,90,3.09,IT,1612669936
Gizo Government Station,-8.103,156.8419,28.93,72,99,1.2,SB,1612669936
Gayéri,12.6497,0.4931,23.33,20,81,3.42,BF,1612669937
Dunedin,-45.8742,170.5036,16.11,79,0,12.52,NZ,1612669938
Touros,-5.1989,-35.4608,24.0,88,20,1.54,BR,1612669938
Tombouctou,20.0,-3.0,17.82,28,97,7.27,ML,1612669939
Honiara,-9.4333,159.95,25.83,86,100,3.55,SB,1612669940
Betioky,-23.7167,44.3833,25.32,79,0,1.05,MG,1612669941
Katsuura,35.1333,140.3,16.11,47,0,3.6,JP,1612669941
Oktyabr'skoye,43.0645,44.7417,-1.0,100,87,4.0,RU,1612669942
Lovozero,68.005,35.0117,-8.31,96,100,5.71,RU,1612669942
Staraya Toropa,56.2801,31.6702,-17.6,93,100,3.2,RU,1612669943
Imbituba,-28.24,-48.6703,22.0,73,0,2.06,BR,1612669944
Hamilton,39.1834,-84.5333,-1.67,74,90,2.86,US,1612669859
Fenelon Falls,44.5334,-78.7496,-8.0,73,25,8.23,CA,1612669945
Ferkessédougou,9.6,-5.2,25.66,43,100,2.1,CI,1612669946
Thunder Bay,48.4001,-89.3168,-22.22,59,90,6.69,CA,1612669947
College,64.8569,-147.8028,-21.0,77,90,0.84,US,1612669948
Jati,24.3539,68.2671,21.64,22,0,3.16,PK,1612669949
Verkhnevilyuysk,63.4453,120.3167,-29.08,87,31,1.97,RU,1612669792
Santiago,-33.4569,-70.6483,17.22,82,75,3.6,CL,1612669349
Leningradskiy,69.3833,178.4167,-24.07,73,26,2.18,RU,1612669951
Laguna,38.421,-121.4238,11.11,71,1,1.55,US,1612669951
Kulhudhuffushi,6.6221,73.07,27.48,70,29,5.0,MV,1612669952
Mossamedes,-15.1961,12.1522,21.6,80,61,0.97,AO,1612669801
Haverfordwest,51.8017,-4.9691,4.44,89,80,3.13,GB,1612669953
Vestmannaeyjar,63.4427,-20.2734,2.55,80,41,9.94,IS,1612669954
Altay,47.8667,88.1167,-3.37,89,11,1.17,CN,1612669955
Rome,43.2128,-75.4557,-9.44,73,1,0.63,US,1612669949
Maragogi,-9.0122,-35.2225,24.76,87,69,3.2,BR,1612669802
Maumere,-8.6199,122.2111,28.99,69,41,1.74,ID,1612669958
Arraial do Cabo,-22.9661,-42.0278,23.82,83,99,1.44,BR,1612669958
Yanam,16.7333,82.2167,24.0,73,43,2.57,IN,1612669959
Acajutla,13.5928,-89.8275,24.55,74,0,2.19,SV,1612669960
Taoudenni,22.6783,-3.9836,14.47,39,73,4.53,ML,1612669960
Lingyuan,41.24,119.4011,-5.42,75,0,5.43,CN,1612669961
Jieshi,22.8134,115.8257,22.22,62,0,6.85,CN,1612669962
Jiangyou,31.7667,104.7167,17.39,34,0,0.92,CN,1612669874
Namatanai,-3.6667,152.4333,29.8,67,79,3.48,PG,1612669653
Hilo,19.7297,-155.09,24.0,60,90,2.57,US,1612669964
Pindorama,-21.1858,-48.9072,23.0,49,0,1.54,BR,1612669965
Yar-Sale,66.8333,70.8333,-30.45,87,100,8.0,RU,1612669534
São José da Coroa Grande,-8.8978,-35.1478,25.0,86,57,3.37,BR,1612669966
Upernavik,72.7868,-56.1549,-6.92,76,20,2.91,GL,1612669774
Pacific Grove,36.6177,-121.9166,11.11,87,1,1.99,US,1612669967
Bologoye,57.8799,34.1068,-16.51,93,95,3.8,RU,1612669968
Babushkin,51.7122,105.8647,-7.2,89,78,0.86,RU,1612669969
Tungor,53.3808,142.9564,-13.61,94,100,5.23,RU,1612669727
Puerto Suárez,-18.95,-57.8,21.52,67,14,0.74,BO,1612669970
Stornoway,58.2093,-6.3865,3.0,65,20,8.23,GB,1612669970
Swarzędz,52.4129,17.085,-6.67,57,0,7.72,PL,1612669971
Iqaluit,63.7506,-68.5145,-4.0,68,90,2.57,CA,1612669931
Cherskiy,68.75,161.3,-20.1,81,0,1.32,RU,1612669972
Tuatapere,-46.1333,167.6833,21.83,51,8,2.68,NZ,1612669973
Fortuna,40.5982,-124.1573,8.33,93,90,4.25,US,1612669973
Varhaug,58.6147,5.6457,-9.44,92,0,0.51,NO,1612669974
Constantine,36.365,6.6147,15.0,58,75,4.63,DZ,1612669955
Burnie,-41.0667,145.9167,22.78,85,3,2.24,AU,1612669975
Tasiilaq,65.6145,-37.6368,1.0,51,50,9.77,GL,1612669976
Palau,7.503,134.621,29.0,79,75,5.66,PW,1612669976
Front Royal,38.9182,-78.1944,1.67,64,1,0.98,US,1612669778
Cam Ranh,11.9214,109.1591,24.0,73,40,4.63,VN,1612669978
Humberto de Campos,-2.5983,-43.4611,24.89,87,9,2.39,BR,1612669979
Sur,22.5667,59.5289,19.79,56,0,2.89,OM,1612669979
Vila Velha,-20.3297,-40.2925,23.33,88,90,3.09,BR,1612669980
Pangnirtung,66.1451,-65.7125,-4.87,80,93,1.5,CA,1612669981
Nagayo,32.8242,129.8861,14.0,67,20,2.57,JP,1612669981
San Patricio,28.017,-97.5169,17.0,59,1,3.09,US,1612669982
Port Elizabeth,-33.918,25.5701,20.0,77,0,5.66,ZA,1612669982
Tiksi,71.6872,128.8694,-31.89,85,100,2.71,RU,1612669983
Sulechów,52.0836,15.6251,-6.11,45,100,8.32,PL,1612669984
Salalah,17.0151,54.0924,23.0,68,75,1.54,OM,1612669984
Hualmay,-11.0964,-77.6139,21.69,75,100,2.96,PE,1612669789
La Ronge,55.1001,-105.2842,-33.0,68,23,2.57,CA,1612669645
Bowen,-20.0167,148.2333,32.0,58,40,4.12,AU,1612669747
Camocim,-2.9022,-40.8411,25.1,86,0,4.34,BR,1612669987
Coquimbo,-29.9533,-71.3436,15.0,82,0,2.06,CL,1612669988
Keti Bandar,24.1447,67.4497,21.99,22,0,3.21,PK,1612669988
Lobva,59.1854,60.5185,-23.84,89,100,3.79,RU,1612669990
Constitución,-35.3333,-72.4167,13.72,88,26,1.39,CL,1612669990
Nkhata Bay,-11.6066,34.2907,22.52,83,100,1.29,MW,1612669991
Ambilobe,-13.2,49.05,24.45,89,68,1.04,MG,1612669581
Lac du Bonnet,50.2536,-96.0612,-30.56,100,81,3.13,CA,1612669992
Port Shepstone,-30.7414,30.455,23.27,85,100,3.01,ZA,1612669993
Ponta do Sol,32.6667,-17.1,12.78,64,25,1.34,PT,1612669993
Ribeira Grande,38.5167,-28.7,16.25,90,97,8.95,PT,1612669985
Pio XII,-3.8325,-45.1525,22.74,96,63,1.16,BR,1612669994
Diamantino,-14.4086,-56.4461,23.32,80,97,1.3,BR,1612669995
Măneciu-Ungureni,45.3167,25.9833,-0.56,85,94,1.45,RO,1612669996
Timmins,48.4669,-81.3331,-21.0,92,40,1.03,CA,1612669898
Tessalit,20.1986,1.0114,18.79,25,100,2.25,ML,1612669997
Kodinsk,58.6881,99.1844,-5.67,96,100,3.33,RU,1612669998
Melilla,35.2937,-2.9383,12.0,62,0,2.06,ES,1612669999
Mount Isa,-20.7333,139.5,27.0,89,90,4.12,AU,1612669999
Porto-Novo,6.4965,2.6036,29.0,84,40,5.66,BJ,1612670000
Karratha,-20.7377,116.8463,29.24,50,3,5.4,AU,1612669512
Mahébourg,-20.4081,57.7,25.0,94,40,1.54,MU,1612670001
Husavik,66.0449,-17.3389,0.0,74,90,2.57,IS,1612670002
Calama,-22.4667,-68.9333,15.0,51,0,3.6,CL,1612670002
Sterling,39.0062,-77.4286,5.0,48,90,1.54,US,1612669750
Mayumba,-3.432,10.6554,25.92,83,99,0.94,GA,1612669734
Williams Lake,52.1415,-122.1445,-10.0,79,90,4.12,CA,1612669800
Bayir,37.2687,28.2167,5.0,100,40,1.55,TR,1612670005
Palm Coast,29.585,-81.2078,18.89,100,90,1.99,US,1612670005
Lewistown,40.5992,-77.5714,-2.22,63,1,1.16,US,1612670006
Waddān,29.1614,16.139,16.68,29,99,4.04,LY,1612669740
West Bay,19.3667,-81.4167,27.0,78,40,5.14,KY,1612670007
Alugan,12.2188,125.4808,27.33,85,40,6.28,PH,1612670008
Deputatsky,69.3,139.9,-34.43,84,55,0.56,RU,1612669822
Grindavik,63.8424,-22.4338,1.0,60,0,6.69,IS,1612670009
Dharmadam,11.7833,75.4333,27.88,41,2,2.48,IN,1612670010
Arona,28.0996,-16.681,15.56,67,20,3.6,ES,1612670011
San Rafael del Sur,11.8485,-86.4384,26.0,73,20,2.06,NI,1612670011
Selfoss,63.9331,-20.9971,2.0,44,0,7.2,IS,1612670012
Little Current,45.9793,-81.9248,-8.0,73,97,4.12,CA,1612670012
Solnechnyy,50.7214,136.6319,-15.96,87,100,3.45,RU,1612670013
Najrān,17.4924,44.1277,14.0,54,0,2.06,SA,1612670014
Hong Kong,22.2855,114.1577,25.0,38,0,6.69,HK,1612669847
Port Blair,11.6667,92.75,29.0,74,40,4.63,IN,1612670015
Nicoya,10.1483,-85.452,27.0,65,0,4.63,CR,1612670015
Gorom-Gorom,14.4439,-0.2361,24.07,19,100,4.26,BF,1612670016
Zeya,53.75,127.2667,-17.87,81,0,1.48,RU,1612670016
Dolores,-36.3132,-57.6792,15.4,95,0,3.12,AR,1612670018
Ilulissat,69.2167,-51.1,-2.0,40,0,10.29,GL,1612670018
Bintulu,3.1667,113.0333,29.0,84,40,1.03,MY,1612669833
Los Negros,-17.7333,-63.4333,24.0,88,0,2.06,BO,1612670019
Auburn,47.3073,-122.2284,8.0,76,90,7.72,US,1612670020
Caohai,26.8661,104.2841,11.33,62,19,1.86,CN,1612670021
Port Hardy,50.6996,-127.4199,5.0,87,90,3.6,CA,1612670021
Russell,32.3502,-85.1999,6.0,87,90,2.57,US,1612670022
Santa Isabel Rio Negro,-0.4139,-65.0192,23.71,91,72,0.48,BR,1612670022
Wao,7.6833,124.6833,25.14,72,99,2.64,PH,1612670023
Olafsvik,64.8945,-23.7142,1.06,83,0,7.16,IS,1612669673
Evensk,61.95,159.2333,-7.75,83,100,14.27,RU,1612670024
Sliema,35.9125,14.5019,17.22,82,0,5.66,MT,1612670025
Vieste,41.8825,16.175,9.0,93,20,4.12,IT,1612670025
Sioux Lookout,50.1001,-91.917,-27.0,63,90,5.66,CA,1612670026
Araguaína,-7.1911,-48.2072,23.48,93,96,1.65,BR,1612670026
Sobolevo,54.4299,31.8996,-20.94,91,56,3.34,RU,1612670027
Moree,-29.4667,149.85,31.0,33,40,7.2,AU,1612670028
Gao,16.6362,1.637,21.87,19,100,4.96,ML,1612669825
Panguna,-6.3164,155.4848,25.95,83,94,1.05,PG,1612670029
Cuamba,-14.8031,36.5372,21.09,96,100,0.22,MZ,1612669935
Guane,22.2025,-84.0875,24.42,90,1,4.69,CU,1612670030
Fort Nelson,58.8053,-122.7002,-32.0,68,1,1.03,CA,1612670031
Meulaboh,4.1363,96.1285,30.48,62,50,0.89,ID,1612670031
Honningsvåg,70.9821,25.9704,-2.33,94,100,11.32,NO,1612669674
Geraldton,-28.7667,114.6,24.0,69,90,9.77,AU,1612670033
Ilhabela,-23.7781,-45.3581,21.88,79,5,0.71,BR,1612670034
Sitka,57.0531,-135.33,0.0,55,20,2.06,US,1612670034
Faanui,-16.4833,-151.75,28.17,67,1,3.91,PF,1612670035
Thinadhoo,0.5333,72.9333,27.67,74,16,6.32,MV,1612670035
Lerwick,60.1545,-1.1494,1.0,64,90,8.23,GB,1612669817
Kamenka,51.3223,42.7678,-15.56,81,98,5.32,RU,1612669698
Kapan,39.2075,46.4058,5.91,56,0,2.65,AM,1612670037
Chaozhou,23.6651,116.6379,20.0,68,20,2.0,CN,1612670038
Alekseyevsk,57.8406,108.3492,-10.69,93,100,4.78,RU,1612669714
Madang,-5.2246,145.7966,29.74,70,83,3.18,PG,1612670039
Saint-Augustin,51.226,-58.6502,-1.85,96,99,10.51,CA,1612669647
Hambantota,6.1241,81.1185,26.0,94,0,3.6,LK,1612669482
Sainte-Marie,-20.8968,55.5496,27.0,78,20,4.12,RE,1612670041
Biak,-0.9131,122.8766,29.0,63,100,0.45,ID,1612669808
Bushehr,28.9684,50.8385,17.0,82,75,8.23,IR,1612670042
Itaituba,-4.2761,-55.9836,27.0,89,75,0.47,BR,1612670043
Chokurdakh,70.6333,147.9167,-31.58,85,60,2.43,RU,1612669916
Thai Binh,20.45,106.3333,22.0,73,75,1.54,VN,1612669844
Ningxiang,37.34,111.2052,2.73,64,21,3.23,CN,1612670045
Paamiut,61.994,-49.6678,-1.49,85,93,0.94,GL,1612669738
Putina,-15.4667,-69.4333,7.38,76,21,3.25,PE,1612669757
Tomatlán,19.9333,-105.25,19.15,92,1,1.04,MX,1612669988
Mīzan Teferī,6.9833,35.5833,17.01,36,29,1.57,ET,1612670048
Charagua,-19.8,-63.2167,22.25,55,96,0.23,BO,1612670048
Naze,28.3667,129.4833,20.0,56,40,4.63,JP,1612669779
Rundu,-17.9333,19.7667,19.53,93,60,1.47,NA,1612670050
Wadi Maliz,36.4681,8.5495,18.0,48,40,1.54,TN,1612670050
Kahului,20.8947,-156.47,24.0,57,20,3.6,US,1612670051
Kamaishi,39.2667,141.8833,3.0,93,75,3.09,JP,1612669754
Semey,50.4111,80.2275,0.0,86,90,11.0,KZ,1612670052
Praia,14.9215,-23.5087,20.0,64,75,6.69,CV,1612670053
Nipawin,53.3668,-104.0009,-30.0,69,1,3.6,CA,1612670054
Dospat,41.65,24.1667,3.58,70,74,0.36,BG,1612670054
Necochea,-38.5473,-58.7368,14.44,85,49,4.4,AR,1612669893
Cap Malheureux,-19.9842,57.6142,27.78,80,1,1.79,MU,1612670047
Wanning,18.8003,110.3967,23.96,66,14,3.36,CN,1612669511
Puerto Gaitán,4.3133,-72.0816,27.89,60,72,2.65,CO,1612670057
Yerofey Pavlovich,53.9667,121.9667,-17.84,84,100,0.98,RU,1612670058
Kasiri,8.9412,-13.1148,24.13,73,36,1.56,SL,1612670058
Portland,45.5234,-122.6762,8.33,87,75,3.09,US,1612669454
Kruisfontein,-34.0033,24.7314,19.44,79,1,1.34,ZA,1612669916
Esperance,-33.8667,121.9,16.0,94,90,5.66,AU,1612670060
Cherdyn',60.403,56.4787,-20.8,91,100,3.8,RU,1612670061
Pasni,25.2631,63.471,19.25,40,0,2.81,PK,1612670061
Haines Junction,60.7522,-137.5108,-29.0,76,64,0.51,CA,1612670051
Aksarka,66.5606,67.7975,-35.73,83,100,10.34,RU,1612669988
Iwanai,42.9744,140.5089,-2.93,91,99,5.85,JP,1612670063
Te Anau,-45.4167,167.7167,23.98,36,1,2.93,NZ,1612670003
Nampula,-15.1165,39.2666,23.0,94,75,1.54,MZ,1612670064
Broome,42.2506,-75.833,-5.0,36,1,2.06,US,1612669962
Hervey Bay,-25.2986,152.8535,32.0,48,18,6.69,AU,1612669886
Kabo,7.6994,18.629,18.64,27,1,2.19,CF,1612670066
Seymchan,62.8833,152.4333,-24.09,85,98,0.73,RU,1612670067
Marabu,4.4148,114.0089,28.0,89,40,2.57,MY,1612670067
Paraíso,9.8383,-83.8656,22.0,73,0,3.6,CR,1612670068
Nelson Bay,-32.7167,152.15,27.0,41,75,8.75,AU,1612670068
Sistranda,63.7256,8.834,-6.0,86,20,6.17,NO,1612670069
Ossora,59.2353,163.0719,-2.78,97,100,17.06,RU,1612669918
Lubyany,56.0378,51.4,-20.0,84,100,8.0,RU,1612670070
Aksu,41.1231,80.2644,3.28,60,100,1.04,CN,1612670065
Redmond,47.674,-122.1215,7.78,92,80,3.13,US,1612670071
Aklavik,68.2191,-135.0107,-27.0,76,100,2.57,CA,1612670007
Antofagasta,-23.65,-70.4,19.0,77,20,2.57,CL,1612669974
Sakaraha,-22.9,44.5333,23.81,82,0,2.29,MG,1612670073
Waiuku,-37.25,174.75,25.0,47,20,5.14,NZ,1612670074
Luanda,-8.8368,13.2343,25.0,88,75,2.57,AO,1612669947
Dali,25.7,100.1833,15.98,33,3,1.15,CN,1612670075
North Bend,43.4065,-124.2243,8.33,93,90,2.06,US,1612670015
Nunkiní,20.3333,-90.1833,21.1,84,0,2.0,MX,1612670077
Baykit,61.67,96.37,-5.81,94,100,2.94,RU,1612670077
Bilecik Province,40.0,30.1667,1.0,93,73,1.54,TR,1612670078
Gilgit,35.9221,74.3087,2.09,51,0,1.01,PK,1612670079
Fare,-16.7,-151.0167,28.09,69,4,4.5,PF,1612670080
Killybegs,54.6333,-8.45,4.44,87,89,3.13,IE,1612669755
Namalenga,-10.95,39.1,22.96,95,100,0.5,TZ,1612670081
Port Hedland,-20.3167,118.5667,32.0,48,40,5.66,AU,1612670005
Whitehorse,60.7161,-135.0538,-25.0,77,20,1.03,CA,1612669708
Morondava,-20.2833,44.2833,27.31,79,55,3.36,MG,1612670083
Buala,-8.145,159.5921,26.09,80,100,2.54,SB,1612669470
Kinsale,51.7075,-8.5306,2.22,87,20,4.12,IE,1612670084
Ubari,26.5921,12.7805,15.37,29,6,5.98,LY,1612670085
Christchurch,-43.5333,172.6333,20.0,64,0,10.29,NZ,1612670070
Okaihau,-35.3167,173.7833,21.67,69,95,5.81,NZ,1612670086
Roebourne,-20.7833,117.1333,30.1,47,2,4.92,AU,1612670087
Launceston,-41.45,147.1667,23.33,40,0,5.14,AU,1612669985
Jaisalmer,26.9147,70.9181,20.52,23,0,3.42,IN,1612670089
Longyearbyen,78.2186,15.6401,-10.0,79,75,6.69,SJ,1612670089
Bambous Virieux,-20.3428,57.7575,27.78,94,40,1.54,MU,1612670090
Sterlibashevo,53.4376,55.2578,-18.91,90,100,7.24,RU,1612670091
Luganville,-15.5333,167.1667,28.99,64,29,4.1,VU,1612670091
Kalawit,8.0667,122.5167,29.07,73,97,4.65,PH,1612670092
Talnakh,69.4865,88.3972,-34.54,72,0,0.6,RU,1612670092
Lasem,-6.6922,111.4527,28.84,75,28,8.08,ID,1612670093
Mandiana,10.6333,-8.6833,22.82,20,50,2.21,GN,1612670094
Huarmey,-10.0681,-78.1522,21.87,76,100,3.26,PE,1612669545
Bathsheba,13.2167,-59.5167,25.0,73,40,9.26,BB,1612670095
San Policarpo,12.1791,125.5072,27.49,84,83,6.79,PH,1612670095
Carutapera,-1.195,-46.02,25.3,87,77,2.29,BR,1612670017
Kralendijk,12.15,-68.2667,26.0,73,20,9.26,BQ,1612670097
At-Bashi,41.1702,75.8106,-4.8,82,76,0.19,KG,1612670097
Al Bardīyah,31.7561,25.0865,16.23,49,62,3.76,LY,1612670098
Cairns,-16.9167,145.7667,32.22,74,100,4.63,AU,1612669613
Norman Wells,65.282,-126.8329,-34.0,75,75,1.54,CA,1612670019
Sapouy,11.5544,-1.7736,23.95,23,89,2.56,BF,1612670099
Dillon,34.4166,-79.3712,5.0,100,90,4.63,US,1612670100
Saint-Pierre,-21.3393,55.4781,28.0,69,0,2.06,RE,1612669749
Taitung City,22.7583,121.1444,25.0,57,20,3.6,TW,1612670101
Nagato,34.3833,131.2,16.11,58,40,7.2,JP,1612670102
Askino,56.0901,56.5783,-20.01,90,100,6.96,RU,1612670103
Zhigansk,66.7697,123.3711,-35.93,82,100,7.08,RU,1612670103
Labuhan,-6.8844,112.2051,28.45,80,10,7.35,ID,1612670104
Chengde,40.9725,117.9361,-2.95,59,10,5.91,CN,1612670104
Churapcha,62.0025,132.4325,-31.9,80,100,1.42,RU,1612669744
Janów Lubelski,50.707,22.4104,-7.78,82,100,2.24,PL,1612669816
Alice Springs,-23.7,133.8833,32.78,20,2,5.66,AU,1612669809
Waipawa,-41.4122,175.5153,23.89,64,84,2.06,NZ,1612669982
Ostrovnoy,68.0531,39.5131,-13.91,92,100,4.81,RU,1612670069
Nome,64.5011,-165.4064,-9.0,79,90,1.54,US,1612670053
Muskegon,43.3,-86.1334,-9.0,73,90,5.14,US,1612670091
Yuanping,38.7153,112.7575,3.87,59,0,2.93,CN,1612669823
Kodino,63.7198,39.6447,-25.62,88,2,2.6,RU,1612670110
Yamada,39.4667,141.95,4.72,81,77,2.03,JP,1612670110
Laredo,27.5064,-99.5075,17.0,27,1,4.37,US,1612670077
Kalininsk,51.5,44.4758,-18.16,90,100,6.31,RU,1612670111
Kumluca,36.3703,30.2869,14.23,60,0,1.68,TR,1612670113
Rio Grande,-32.035,-52.0986,18.89,92,0,4.28,BR,1612670114
Srednekolymsk,67.45,153.6833,-25.52,83,1,0.61,RU,1612669444
La Santisima Trinidad,-14.8333,-64.9,24.05,84,49,0.95,BO,1612670116
Henties Bay,-22.116,14.2845,17.22,90,7,1.34,NA,1612670117
Sergeevka,53.88,67.4158,-13.64,92,100,11.66,KZ,1612670117
Norsup,-16.0667,167.3833,29.41,61,20,3.64,VU,1612670118
Smithers,54.7804,-127.1743,-6.0,86,90,5.66,CA,1612670047
Walvis Bay,-22.9575,14.5053,17.22,88,17,3.6,NA,1612670119
Goderich,43.7501,-81.7165,-7.0,79,100,6.69,CA,1612669736
Tunceli,39.1083,39.5471,-2.0,93,0,1.54,TR,1612670031
Tilichiki,60.4667,166.1,-7.64,89,100,7.46,RU,1612670121
Ust'-Ilimsk,58.0006,102.6619,-6.96,96,100,4.85,RU,1612670122
Jackson,42.4165,-122.8345,5.0,75,1,0.76,US,1612669891
Tura,25.5198,90.2201,21.78,39,100,1.17,IN,1612669756
Samarai,-10.6167,150.6667,30.02,69,53,1.4,PG,1612670123
Williston,48.147,-103.618,-23.33,69,96,0.45,US,1612669977
Bandarbeyla,9.4942,50.8122,24.41,78,19,6.0,SO,1612670124
Cururupu,-1.8283,-44.8683,24.31,93,60,1.32,BR,1612670125
Teguise,29.0605,-13.564,15.0,72,0,4.12,ES,1612670126
Kaeo,-35.1,173.7833,21.67,69,89,5.81,NZ,1612670126
Atambua,-9.1061,124.8925,27.18,79,71,3.52,ID,1612670127
Nouakchott,18.0858,-15.9785,15.0,38,1,4.63,MR,1612670127
Muros,42.7762,-9.0603,6.11,93,40,1.54,ES,1612670128
Kapoeta,4.7717,33.5903,20.81,23,0,2.89,SS,1612670129
Voloshka,61.3314,40.0858,-24.66,89,84,3.13,RU,1612670129
Garmsār,35.2182,52.3409,10.2,68,95,0.83,IR,1612670049
Talcahuano,-36.7167,-73.1167,15.0,88,90,2.06,CL,1612670131
Raudeberg,61.9875,5.1352,-4.44,73,0,4.12,NO,1612669708
Vardø,70.3705,31.1107,-3.33,92,99,12.5,NO,1612669686
Maraã,-1.8333,-65.3667,23.42,98,100,0.93,BR,1612670133
Bousso,10.4795,16.7117,17.97,24,59,2.62,TD,1612669697
Morant Bay,17.8815,-76.4093,27.0,69,20,11.32,JM,1612670134
Maryville,35.7565,-83.9705,6.0,61,90,1.54,US,1612669997
Lata,40.1629,-8.3327,9.44,86,25,1.19,PT,1612669550
Kenai,60.5544,-151.2583,-8.89,86,90,1.54,US,1612670068
Yacuiba,-22.038,-63.6797,20.29,68,23,1.05,BO,1612670137
Capão da Canoa,-29.7456,-50.0097,20.02,67,60,2.8,BR,1612670138
Belozërskoye,55.8214,65.5842,-11.42,93,100,8.95,RU,1612670139
Crawfordsville,40.0411,-86.8745,-8.33,92,90,4.73,US,1612670140
Kassala,15.451,36.4,11.89,82,0,2.98,SD,1612670141
Nagua,19.3832,-69.8474,22.92,85,28,3.82,DO,1612670142
Bairiki Village,1.3292,172.9752,27.0,83,75,4.12,KI,1612669585
Cavan,53.9908,-7.3606,5.0,79,79,5.81,IE,1612670143
Borovoy,55.4333,86.0833,-2.0,86,0,6.0,RU,1612670143
Zhigalovo,54.8097,105.1578,-10.12,93,100,1.48,RU,1612670144
Minna,9.6139,6.5569,23.98,20,71,4.03,NG,1612670145
Algiers,36.7525,3.042,11.0,87,40,0.51,DZ,1612670145
Philadelphia,39.9523,-75.1638,2.78,64,75,1.54,US,1612670137
Airai,-8.9266,125.4092,23.35,75,56,2.41,TL,1612670076
Sandviken,60.6167,16.7667,-7.22,79,93,1.79,SE,1612670147
Byron Bay,-28.65,153.6167,32.0,65,77,4.63,AU,1612670147
Urucará,-2.5364,-57.76,24.52,94,89,1.24,BR,1612670148
Washington,47.5001,-120.5015,7.22,90,37,0.45,US,1612670149
Natal,-5.795,-35.2094,25.0,88,20,1.54,BR,1612670149
Volgograd,48.7194,44.5018,-9.0,73,75,6.0,RU,1612670150
Omsukchan,62.5333,155.8,-18.07,89,100,5.51,RU,1612670150
Kabanjahe,3.1001,98.4908,30.0,79,40,2.06,ID,1612670151
Saurimo,-9.6608,20.3916,18.55,97,100,1.51,AO,1612670152
Hofn,64.2539,-15.2082,0.01,95,93,8.29,IS,1612670152
‘Ewa Beach,21.3156,-158.0072,26.0,44,1,6.17,US,1612669981
Salym,60.0625,71.4789,0.53,96,100,5.32,RU,1612670153
Viedma,-40.8135,-62.9967,16.11,75,99,8.2,AR,1612670154
Mitú,1.1983,-70.1733,22.4,96,100,0.18,CO,1612670155
Tonkino,57.3726,46.4629,-21.51,90,100,4.89,RU,1612670155
Oranjemund,-28.55,16.4333,17.33,94,68,5.72,NA,1612670156
Eruwa,7.5333,3.4167,24.71,89,91,2.08,NG,1612670156
Atuntaqui,0.3333,-78.2167,14.0,94,40,2.06,EC,1612670157
Mombetsu,44.3525,143.3525,-8.0,86,75,2.57,JP,1612670158
Ullapool,57.8987,-5.1604,1.11,72,94,5.81,GB,1612670158
Xapuri,-10.6517,-68.5044,23.27,96,72,0.65,BR,1612670159
Vila Franca do Campo,37.7167,-25.4333,15.0,94,75,7.72,PT,1612670015
Mehamn,71.0357,27.8492,-3.65,95,100,9.94,NO,1612670160
Wilmington,34.2257,-77.9447,7.0,76,90,5.14,US,1612669874
Provincia di Ancona,43.55,13.1667,9.44,100,90,0.51,IT,1612670162
Danville,36.586,-79.395,6.0,61,90,2.57,US,1612670059
Dohad,22.8333,74.2667,19.24,27,0,4.83,IN,1612670163
Arlit,18.7369,7.3853,16.12,27,76,1.88,NE,1612669500
Delta del Tigre,-34.7633,-56.3853,20.0,83,20,5.66,UY,1612670164
Agüimes,27.9054,-15.4461,16.11,77,75,5.66,ES,1612670165
Zverinogolovskoye,54.4586,64.8542,-13.18,91,100,10.66,RU,1612670165
Cockburn Town,21.4612,-71.1419,25.09,78,0,9.88,TC,1612670125
Nouadhibou,20.931,-17.0347,16.0,72,0,9.26,MR,1612670166
Gorontalo,0.5412,123.0595,29.78,70,100,1.85,ID,1612670167
Bull Savanna,17.8868,-77.5902,23.08,88,13,5.43,JM,1612670168
Los Llanos de Aridane,28.6585,-17.9182,16.0,63,0,2.06,ES,1612670168
Presidente Médici,-11.1753,-61.9014,22.53,98,87,0.91,BR,1612670169
Charters Towers,-20.1,146.2667,33.07,46,100,2.8,AU,1612670169
Flinders,-34.5833,150.8552,27.22,60,75,6.17,AU,1612670170
Korla,41.7597,86.1469,2.17,68,31,2.69,CN,1612669527
Comodoro Rivadavia,-45.8667,-67.5,14.0,72,40,3.6,AR,1612670172
San-Pédro,4.7485,-6.6363,25.31,92,0,2.53,CI,1612670172
Krasnovka,48.8177,40.0923,-9.28,83,70,5.94,RU,1612670173
Lagoa,39.05,-27.9833,15.68,91,98,12.46,PT,1612669743
Rumonge,-3.9736,29.4386,22.52,74,100,1.25,BI,1612670175
Spearfish,44.4908,-103.8594,-15.56,85,90,4.27,US,1612670175
Dongsheng,39.8161,109.9776,-3.68,71,0,4.02,CN,1612670176
San Isidro,-12.1167,-77.05,23.89,73,75,3.09,PE,1612670177
Andenes,69.3143,16.1194,1.0,69,100,9.77,NO,1612669982
Lebu,-37.6167,-73.65,14.07,93,17,1.24,CL,1612670045
Dyersburg,36.0345,-89.3856,3.0,100,1,2.06,US,1612670178
Vega de Alatorre,20.0333,-96.6333,23.13,90,45,3.8,MX,1612670179
Tumbagaan,5.3656,120.3139,28.03,73,100,2.39,PH,1612670180
Mikhaylovka,50.06,43.2379,-13.33,81,100,4.02,RU,1612670180
Marquette,46.5333,-87.6335,-18.33,56,6,3.13,US,1612670181
Rocha,-34.4833,-54.3333,17.01,93,2,1.55,UY,1612670018
Junín,-34.5838,-60.9433,17.78,51,0,2.97,AR,1612670005
Alanib,8.0278,124.9861,27.22,84,97,3.13,PH,1612670182
Puerto Baquerizo Moreno,-0.9,-89.6,24.73,87,22,3.6,EC,1612670183
Tanout,14.9709,8.8879,14.57,30,29,4.65,NE,1612670184
Maceió,-9.6658,-35.7353,24.0,94,40,3.09,BR,1612669567
Razumnoye,50.5344,36.6846,-16.0,85,0,5.0,RU,1612670185
Erenhot,43.6475,111.9767,-9.72,92,0,3.91,CN,1612669986
Kaltasy,55.9693,54.8032,-20.12,90,100,5.82,RU,1612670187
Loa Janan,-0.583,117.095,31.08,61,100,1.8,ID,1612670187
Yeniseysk,58.4497,92.1703,-1.09,97,100,3.53,RU,1612670064
Petropavlovsk-Kamchatskiy,53.0452,158.6483,-3.0,74,75,2.0,RU,1612670189
Ahipara,-35.1667,173.1667,20.04,69,97,0.7,NZ,1612669931
Antigonish,45.6169,-61.9986,-0.56,81,27,1.79,CA,1612670190
Tarbert,55.8628,-5.4162,2.0,69,87,15.43,GB,1612670191
Saint-Joseph,-21.3667,55.6167,28.0,69,0,2.06,RE,1612669531
Ugoofaaru,5.6667,73.0,27.56,74,2,4.42,MV,1612669489
Chase,50.8165,-119.6857,2.0,48,56,3.09,CA,1612670193
Oktyabr'skiy,54.4815,53.471,-19.47,89,100,6.16,RU,1612669667
Serpa,37.9458,-7.5975,7.0,93,20,5.14,PT,1612670194
Santa Cruz de la Sierra,-17.8,-63.1667,24.0,88,1,2.06,BO,1612670184
Barsovo,61.1667,73.1667,1.0,100,90,4.0,RU,1612670195
Pringsewu,-5.3582,104.9744,27.57,77,100,2.41,ID,1612670047
Suleja,9.1758,7.1808,22.0,43,99,2.06,NG,1612670196
Paris,48.8534,2.3488,6.11,93,90,5.14,FR,1612669414
Dolinsk,47.35,142.8,-12.0,56,12,5.0,RU,1612670198
Plouzané,48.3833,-4.6167,4.0,81,75,2.06,FR,1612670199
Victoria Point,-27.5833,153.3,33.89,61,7,1.34,AU,1612670199
Itarema,-2.9248,-39.9167,24.94,87,14,3.7,BR,1612669528
Aswān,24.0934,32.907,12.78,66,0,2.54,EG,1612670200
Mariehamn,60.0973,19.9348,-20.0,84,0,1.03,AX,1612670201
Tataouine,32.9297,10.4518,20.0,24,100,1.54,TN,1612670202
Ransang,8.9603,117.5828,29.2,63,100,3.3,PH,1612670202
Nadvoitsy,63.8667,34.3167,-13.63,95,100,2.32,RU,1612670203
Nyurba,63.2842,118.3319,-28.44,87,91,1.36,RU,1612670203
Yuancheng,36.652,107.7896,4.29,56,69,1.84,CN,1612670204
Menongue,-14.6585,17.691,18.03,94,100,2.0,AO,1612670035
Djenné,13.9061,-4.5533,24.34,20,100,6.72,ML,1612670205
Polyarny,69.1989,33.4478,-6.0,93,75,4.0,RU,1612670206
Coahuayana Viejo,18.7333,-103.6833,20.9,86,0,1.2,MX,1612670206
Poum,-20.2333,164.0167,27.16,67,0,3.11,NC,1612670207
Erbil,36.1926,44.0106,6.0,100,23,2.06,IQ,1612670207
Tezu,27.9167,96.1667,24.62,19,3,1.5,IN,1612670208
Bouguenais,47.1776,-1.6214,3.33,93,90,1.54,FR,1612670209
Malumfashi,11.7853,7.6218,15.98,30,98,3.28,NG,1612670209
Strezhevoy,60.7333,77.5889,1.0,93,90,6.0,RU,1612670210
Marrakesh,31.6315,-8.0083,8.0,87,75,3.6,MA,1612670210
Tautira,-17.7333,-149.15,24.0,88,75,14.4,PF,1612670014
Chepelare,41.7333,24.6833,4.0,93,90,1.03,BG,1612670212
Raduzhny,62.0961,77.475,-0.02,98,100,4.79,RU,1612670212
Amlamé,7.4667,0.9,23.68,85,93,1.29,TG,1612670213
Avera,33.194,-82.5271,4.0,93,90,4.63,US,1612670082
Puerto Rondón,6.2805,-71.1,24.77,75,47,2.35,CO,1612670214
Baruun-Urt,46.6806,113.2792,-18.94,87,1,4.81,MN,1612670215
Auki,-8.7676,160.7034,25.04,90,100,5.32,SB,1612670215
Tymovskoye,50.8456,142.655,-15.46,89,100,3.86,RU,1612670216
Khandyga,62.6667,135.6,-28.74,84,89,0.77,RU,1612670070
Kysyl-Syr,63.8986,122.7617,-33.63,84,94,4.07,RU,1612670217
Lachhmangarh,27.8214,75.0251,18.35,27,0,1.92,IN,1612670218
São Félix do Xingu,-6.6447,-51.995,22.68,94,100,0.45,BR,1612670061
Tūkrah,32.5341,20.5791,16.91,44,60,7.45,LY,1612670219
Maniitsoq,65.4167,-52.9,-0.24,81,0,10.54,GL,1612669713
Beringovskiy,63.05,179.3167,-22.45,90,72,4.69,RU,1612670079
Pitimbu,-7.4706,-34.8086,26.0,83,0,1.54,BR,1612669718
Cavalcante,-13.7975,-47.4583,19.48,93,100,1.06,BR,1612670221
Sawākin,19.1059,37.3321,21.09,68,16,5.7,SD,1612670222
Russellville,35.2784,-93.1338,3.33,93,90,2.06,US,1612670222
Kambove,-10.8764,26.5969,16.99,100,100,1.55,CD,1612670223
Lahaina,20.8783,-156.6825,24.0,57,20,3.6,US,1612670223
Kologriv,58.8275,44.3178,-23.83,88,100,4.58,RU,1612670224
Cruzeiro do Oeste,-23.785,-53.0733,16.02,91,0,0.88,BR,1612670087
Tingi,-11.3,35.0333,17.98,98,100,1.48,TZ,1612670225
Cayenne,4.9333,-52.3333,25.0,100,90,2.06,GF,1612670226
Sept-Îles,50.2001,-66.3821,-3.0,68,99,5.66,CA,1612670226
Kiryat Gat,31.61,34.7642,12.22,100,0,0.86,IL,1612669981
Minoh,34.8269,135.4706,14.0,54,75,2.06,JP,1612670228
Gloversville,43.0528,-74.3438,-8.0,53,1,1.54,US,1612670001
Shubarkuduk,49.1447,56.4872,-11.63,94,98,4.14,KZ,1612670229
Maumelle,34.8668,-92.4043,3.33,87,97,0.89,US,1612670230
Nanuque,-17.8392,-40.3539,25.08,82,100,3.2,BR,1612670230
Fairbanks,64.8378,-147.7164,-20.56,77,90,0.86,US,1612670231
Kalmunai,7.4167,81.8167,27.28,81,23,5.15,LK,1612670232
Rajapolah,-7.221,108.1896,29.05,61,59,2.79,ID,1612670233
Seguin,29.5688,-97.9647,13.89,35,1,4.63,US,1612670233
Capoterra,39.1763,8.9718,19.0,52,0,2.57,IT,1612670234
Bac Lieu,9.285,105.7244,28.41,61,71,7.55,VN,1612669989
Saint George,37.1041,-113.5841,11.11,24,1,1.54,US,1612669988
Cascais,38.6979,-9.4215,11.11,76,5,8.94,PT,1612669677
Linxi,39.7,118.4333,3.37,46,0,5.45,CN,1612670236
Aljezur,37.3191,-8.8033,10.56,57,77,0.89,PT,1612670237
Gari,59.4307,62.3497,-23.89,90,100,5.74,RU,1612670238
Ponta Delgada,37.7333,-25.6667,15.0,94,75,7.72,PT,1612670238
Nizhniy Kuranakh,58.8353,125.4869,-22.77,85,94,0.38,RU,1612670179
Trivandrum,8.4833,76.9167,30.0,70,20,1.66,IN,1612670239
Bonthe,7.5264,-12.505,24.91,84,95,1.37,SL,1612670240
Safaga,26.7292,33.9365,15.0,63,0,3.09,EG,1612670241
Cotonou,6.3654,2.4183,29.0,84,40,5.66,BJ,1612670242
Maiduguri,11.8464,13.1603,17.06,48,96,3.05,NG,1612670243
Tonantins,-2.8731,-67.8022,23.53,96,100,0.6,BR,1612670244
Vyshchetarasivka,47.5685,34.881,-8.0,73,0,4.0,UA,1612670244
Oshikango,-17.4,15.8833,22.36,47,81,3.2,NA,1612670245
Arica,-18.475,-70.3042,21.0,73,0,1.03,CL,1612669965
Muskegon Heights,43.2011,-86.239,-8.89,73,90,5.14,US,1612670246
Neiafu,-18.65,-173.9833,26.0,94,90,5.66,TO,1612670247
Maxixe,-23.8597,35.3472,24.25,89,86,3.03,MZ,1612670247
Gashua,12.871,11.0482,15.33,30,88,3.97,NG,1612669997
Warrnambool,-38.3833,142.4833,18.89,71,93,6.94,AU,1612670087
Vaitape,-16.5167,-151.75,28.11,68,1,5.03,PF,1612670081
Mayo,38.8876,-76.5119,5.56,70,1,2.57,US,1612670249
Bo Rai,12.5728,102.5371,33.33,74,20,1.45,TH,1612670250
Santa Teresa del Tuy,10.2341,-66.6631,26.0,78,20,0.71,VE,1612670251
Sal Rei,16.1833,-22.9167,19.0,63,90,8.23,CV,1612670252
Rosarito,32.3333,-117.0333,15.56,87,1,1.54,MX,1612670252
Osakarovka,50.565,72.5692,-9.48,94,100,12.34,KZ,1612670253
Kinablangan,7.6947,126.5503,26.1,85,100,3.34,PH,1612670254
Harper,4.375,-7.7169,25.86,88,1,3.64,LR,1612669690
Hwange,-18.3693,26.5019,19.9,95,99,0.3,ZW,1612670255
Vestmanna,62.1564,-7.1664,2.0,60,75,7.2,FO,1612670255
Ust-Tsilma,65.441,52.1498,-35.28,81,100,4.11,RU,1612670256
Verāval,20.9,70.3667,23.62,29,0,7.16,IN,1612670257
Invermere,50.5167,-116.0354,-10.75,88,100,2.08,CA,1612670257
Niterói,-22.8833,-43.1036,25.0,88,75,1.03,BR,1612670258
Wilkie,52.4168,-108.7014,-31.0,69,1,1.54,CA,1612670258
Korhogo,9.45,-5.6333,24.84,48,87,1.16,CI,1612670259
Haimen,23.1935,116.6142,20.0,68,20,2.0,CN,1612670260
São João do Piauí,-8.3581,-42.2467,22.72,83,100,0.77,BR,1612670260
Kieta,-6.2167,155.6333,28.73,77,63,3.63,PG,1612669962
Torbay,47.6666,-52.7314,3.33,100,90,10.8,CA,1612670261
Susanville,40.4163,-120.653,2.0,75,1,1.54,US,1612670262
Buin,-33.7333,-70.75,16.0,82,75,3.6,CL,1612670263
Kumul,42.8,93.45,4.5,54,87,1.72,CN,1612670263
Maniwaki,46.3834,-75.966,-9.0,67,46,4.12,CA,1612670093
Khani,41.9563,42.9566,8.0,87,90,5.14,GE,1612670264
Verkhnyaya Toyma,62.2349,44.9985,-29.17,83,56,3.55,RU,1612670265
Puerto Ayacucho,5.6639,-67.6236,26.05,66,100,2.31,VE,1612670050
Galveston,29.3669,-94.9669,15.56,88,1,3.09,US,1612670266
Ventersburg,-28.0856,27.1381,15.1,90,63,0.76,ZA,1612670267
Kandrian,-6.2167,149.55,32.27,59,39,3.23,PG,1612670267
Alberton,46.8168,-64.0654,-2.0,59,32,19.55,CA,1612670268
Tuy Hoa,13.0833,109.3,24.24,82,86,4.82,VN,1612670269
Maţāy,28.419,30.7792,11.22,89,0,2.41,EG,1612670269
Colesberg,-30.72,25.0972,19.07,81,23,1.97,ZA,1612670270
Verkhoyansk,67.5447,133.385,-30.41,83,97,0.67,RU,1612670270
Umm Kaddadah,13.6017,26.6876,12.6,40,0,5.77,SD,1612670272
Elko,41.0002,-115.5012,5.0,38,1,3.94,US,1612670272
Ternate,0.8,127.4,29.02,68,100,1.71,ID,1612669475
Severo-Kuril'sk,50.6789,156.125,-5.6,94,100,10.93,RU,1612670044
Kasongo,-4.45,26.6667,20.4,98,100,1.15,CD,1612670274
Kabansk,52.0486,106.6528,-19.0,78,98,1.48,RU,1612670274
Ngaoundéré,7.3167,13.5833,15.93,31,46,1.99,CM,1612670275
Lodwar,3.1191,35.5973,25.94,52,54,2.73,KE,1612670022
Guaiúba,-4.0397,-38.6372,27.22,78,20,4.63,BR,1612670276
Aktash,50.3,87.7333,-12.22,91,29,2.97,RU,1612670277
Kasongo-Lunda,-6.4667,16.8167,21.94,92,100,0.7,CD,1612670278
Māndal,25.45,74.5667,16.89,30,0,0.83,IN,1612670279
Rancho Palos Verdes,33.7445,-118.387,15.0,60,0,1.79,US,1612670279
Mbini,1.574,9.6134,26.0,89,100,2.51,GQ,1612670280
Diu,20.7141,70.9822,22.5,28,0,7.74,IN,1612670280
Batemans Bay,-35.7167,150.1833,23.89,66,40,0.89,AU,1612670281
Arecibo,18.4724,-66.7157,22.78,90,100,1.34,PR,1612670282
Eureka,40.8021,-124.1637,8.33,86,43,0.45,US,1612670282
Corinth,37.9407,22.9573,11.11,76,0,1.81,GR,1612670283
Alamosa,37.4695,-105.87,-4.0,68,1,2.57,US,1612670283
Bahía Honda,22.9036,-83.1592,24.18,88,3,4.79,CU,1612670192
Ulkan,57.243,107.3223,-10.21,94,100,4.17,RU,1612670285
